Student_ID,Gender,Lunch_Type,Test_Preparation,Study_Time_per_Week,Daily_Sleep_Duration,Math_Score,Reading_Score,Writing_Score,Internet_Access,Race/Ethnicity_group_A,Race/Ethnicity_group_B,Race/Ethnicity_group_C,Race/Ethnicity_group_D,Race/Ethnicity_group_E,Parental_Education_associate_degree,Parental_Education_bachelor_degree,Parental_Education_high_school,Parental_Education_master_degree,Parental_Education_some_college,School_Type_international,School_Type_private,School_Type_public
6501,0,1,0,18,7,80,82,58,0,0,0,0,1,0,1,0,0,0,0,0,0,1
2945,1,1,0,10,6,49,65,91,1,0,0,1,0,0,1,0,0,0,0,0,0,1
2025,0,1,1,5,7,99,77,76,1,0,1,0,0,0,1,0,0,0,0,0,0,1
264,1,0,0,15,7,61,93,72,1,0,0,0,0,1,0,0,0,0,1,0,0,1
4351,1,0,0,8,5,66,71,70,1,0,0,1,0,0,0,1,0,0,0,0,0,1
3425,1,1,0,15,6,65,63,74,1,0,0,1,0,0,0,1,0,0,0,0,0,1
6749,0,0,0,9,9,92,75,68,1,0,1,0,0,0,0,0,1,0,0,0,0,1
6216,1,1,0,7,6,49,74,97,0,0,0,1,0,0,0,1,0,0,0,0,1,0
6363,1,0,0,6,8,72,70,75,1,0,0,1,0,0,0,0,1,0,0,0,0,1
5590,0,1,1,7,7,62,73,64,0,1,0,0,0,0,0,0,1,0,0,0,1,0
133,1,0,0,19,5,100,71,75,0,1,0,0,0,0,0,0,0,0,1,0,0,1
6407,1,1,0,12,7,68,80,46,1,0,1,0,0,0,0,1,0,0,0,0,1,0
4280,1,1,1,18,7,83,80,77,1,0,0,0,0,1,0,0,1,0,0,0,0,1
2399,0,1,0,11,4,62,73,64,1,0,0,1,0,0,0,1,0,0,0,0,0,1
5713,0,0,1,13,7,75,58,81,1,0,0,1,0,0,0,1,0,0,0,0,0,1
3255,0,1,0,16,7,96,72,56,1,0,0,0,0,1,0,0,1,0,0,0,0,1
6027,1,1,1,7,7,75,52,73,0,0,0,0,1,0,0,0,1,0,0,0,0,1
2265,1,0,0,9,5,69,65,74,0,1,0,0,0,0,0,0,1,0,0,0,0,1
1942,1,0,0,9,6,68,63,68,0,1,0,0,0,0,0,0,1,0,0,1,0,0
764,0,1,1,20,7,75,86,56,1,0,0,0,1,0,0,0,0,0,1,0,0,1
3177,0,1,0,4,9,66,88,65,1,0,0,0,1,0,0,0,0,0,1,0,0,1
3046,1,0,1,9,7,80,89,63,1,0,0,0,0,1,0,0,1,0,0,0,0,1
3065,1,0,0,6,8,69,68,66,1,0,1,0,0,0,0,0,1,0,0,0,0,1
102,0,1,0,14,5,52,71,68,1,0,0,0,1,0,0,0,0,0,1,0,0,1
6238,1,1,0,9,5,90,83,100,0,0,1,0,0,0,0,1,0,0,0,0,0,1
1372,0,1,0,11,5,69,68,68,1,0,0,1,0,0,0,0,0,0,1,0,0,1
626,0,0,1,11,5,69,77,91,1,0,0,1,0,0,0,0,0,0,1,0,0,1
3917,0,0,0,5,9,100,71,61,1,0,0,0,1,0,0,0,1,0,0,0,1,0
1076,1,0,0,9,6,58,75,77,1,0,0,1,0,0,0,1,0,0,0,0,1,0
3257,0,0,0,9,8,54,71,85,1,0,0,0,0,1,1,0,0,0,0,0,0,1
2317,0,1,0,11,6,72,80,80,1,0,0,0,0,1,0,1,0,0,0,0,0,1
562,0,1,0,9,7,70,62,85,1,0,0,1,0,0,0,0,0,0,1,0,0,1
5445,0,1,0,12,8,73,73,74,0,0,1,0,0,0,0,0,1,0,0,0,0,1
5104,0,0,0,18,8,73,68,68,1,0,0,0,1,0,0,0,1,0,0,0,0,1
3008,1,1,0,10,9,70,75,70,1,0,0,0,1,0,1,0,0,0,0,0,1,0
1116,1,1,1,10,5,79,37,87,0,0,0,0,0,1,0,0,0,0,1,0,0,1
3909,0,0,1,7,8,81,84,81,1,0,0,0,1,0,0,0,0,0,1,0,1,0
2154,1,1,1,9,6,78,82,61,1,0,0,0,1,0,0,0,0,1,0,0,0,1
6224,0,1,0,5,6,47,66,91,1,0,0,1,0,0,0,1,0,0,0,0,0,1
5292,1,1,1,12,8,95,56,77,1,0,1,0,0,0,0,0,1,0,0,0,0,1
3510,1,0,1,6,8,69,74,72,1,0,0,1,0,0,1,0,0,0,0,0,0,1
1288,1,1,0,11,7,69,48,75,1,0,1,0,0,0,0,1,0,0,0,0,1,0
246,1,1,0,11,7,100,70,42,0,0,1,0,0,0,0,0,1,0,0,0,0,1
1796,0,1,1,12,7,44,86,53,1,0,0,0,0,1,1,0,0,0,0,0,0,1
5254,1,0,0,14,6,88,70,56,1,0,0,0,0,1,0,0,1,0,0,0,0,1
3033,1,1,0,9,5,70,73,52,1,0,1,0,0,0,0,0,0,1,0,0,0,1
2863,1,1,1,5,9,95,48,55,0,1,0,0,0,0,0,1,0,0,0,0,1,0
2674,0,1,1,9,6,55,79,81,1,0,0,0,0,1,1,0,0,0,0,0,0,1
5988,1,1,0,10,3,78,63,69,1,0,0,0,1,0,0,0,0,0,1,0,0,1
178,1,0,0,8,7,76,63,70,1,1,0,0,0,0,0,0,0,0,1,0,0,1
6468,0,1,1,4,6,92,93,53,1,0,1,0,0,0,0,0,0,0,1,0,0,1
38,0,0,0,15,5,33,49,68,1,0,0,1,0,0,0,0,0,1,0,0,1,0
3397,1,1,1,6,6,75,56,56,1,0,0,0,1,0,0,0,0,0,1,0,0,1
3810,1,1,0,14,5,86,77,64,1,0,1,0,0,0,0,0,1,0,0,0,0,1
4709,1,0,1,14,8,100,68,62,1,0,0,0,0,1,0,1,0,0,0,0,0,1
3367,0,0,0,9,6,92,75,47,1,1,0,0,0,0,0,1,0,0,0,0,0,1
4673,0,0,0,9,7,57,85,70,1,0,1,0,0,0,0,0,0,0,1,0,0,1
586,0,0,0,20,7,39,86,73,1,1,0,0,0,0,0,0,0,0,1,0,0,1
1439,1,0,1,11,7,77,83,88,1,1,0,0,0,0,0,0,1,0,0,0,0,1
1023,1,1,0,6,6,84,65,100,1,0,0,0,1,0,0,0,0,0,1,0,1,0
545,0,0,1,7,7,84,100,79,1,0,0,1,0,0,0,0,0,0,1,0,0,1
3881,1,1,0,7,7,90,87,66,1,0,0,1,0,0,0,1,0,0,0,0,0,1
1075,1,0,1,14,6,57,71,63,0,0,0,0,1,0,0,0,1,0,0,0,0,1
3967,0,1,1,15,7,76,97,71,1,0,0,0,0,1,1,0,0,0,0,1,0,0
2550,0,1,1,3,7,66,46,61,1,0,0,1,0,0,1,0,0,0,0,0,0,1
4928,1,1,0,2,7,66,80,74,1,0,1,0,0,0,0,0,0,0,1,0,0,1
753,1,1,1,9,6,91,77,91,1,1,0,0,0,0,0,0,1,0,0,0,0,1
4813,1,1,0,9,7,74,79,88,1,0,0,1,0,0,1,0,0,0,0,0,0,1
4304,0,0,1,15,7,90,90,62,1,0,0,1,0,0,0,0,1,0,0,0,0,1
4939,1,1,1,10,6,68,53,58,1,0,0,0,0,1,0,0,1,0,0,0,1,0
3434,0,1,0,9,8,64,80,54,1,0,1,0,0,0,0,0,0,1,0,0,0,1
1607,1,1,0,16,9,71,89,65,1,0,0,1,0,0,0,0,0,0,1,0,1,0
3916,0,1,1,3,5,62,75,75,1,0,0,1,0,0,1,0,0,0,0,0,1,0
6964,1,1,0,7,8,77,70,72,1,0,1,0,0,0,0,0,1,0,0,0,0,1
6650,0,1,0,11,9,71,71,82,1,1,0,0,0,0,0,0,1,0,0,0,0,1
2118,1,1,1,9,6,68,50,61,1,0,1,0,0,0,0,0,0,0,1,0,0,1
2441,0,0,0,11,6,71,71,80,1,0,0,0,0,1,0,1,0,0,0,0,0,1
4344,1,1,0,15,5,93,52,80,1,0,1,0,0,0,0,0,0,0,1,0,1,0
1935,1,1,0,6,9,68,85,73,1,1,0,0,0,0,0,0,0,1,0,0,1,0
2200,1,1,0,4,7,63,88,79,1,0,1,0,0,0,0,1,0,0,0,0,1,0
51,0,1,0,15,6,64,59,60,1,0,0,0,0,1,1,0,0,0,0,0,0,1
3640,1,1,1,7,10,72,71,29,1,0,0,0,1,0,0,0,1,0,0,0,0,1
4767,1,1,1,9,7,100,63,53,1,0,1,0,0,0,0,0,1,0,0,0,0,1
6953,1,1,1,7,8,73,71,79,1,0,0,0,1,0,0,0,0,0,1,0,0,1
2861,0,1,0,0,10,72,65,43,1,0,0,0,0,1,0,0,0,0,1,0,0,1
3083,1,1,0,13,8,67,95,61,1,0,0,1,0,0,0,0,1,0,0,0,0,1
5434,0,0,0,5,7,68,65,52,1,0,0,0,1,0,0,0,0,1,0,0,0,1
430,0,1,1,8,7,63,51,57,1,0,0,0,0,1,0,0,1,0,0,0,1,0
6892,0,0,0,7,8,57,71,91,1,0,0,1,0,0,0,1,0,0,0,0,1,0
4155,1,0,1,10,9,71,72,84,1,0,1,0,0,0,0,1,0,0,0,0,0,1
3890,1,1,1,1,7,100,94,75,1,0,1,0,0,0,0,0,0,0,1,0,0,1
1413,1,1,1,8,6,54,40,81,1,0,1,0,0,0,0,0,1,0,0,0,0,1
1733,1,1,1,7,9,70,74,82,1,0,0,0,1,0,0,0,1,0,0,0,0,1
2250,0,1,0,8,7,65,49,63,1,0,0,0,0,1,0,0,0,0,1,0,0,1
6649,0,1,0,14,8,44,75,55,1,0,1,0,0,0,0,0,0,0,1,1,0,0
2782,0,1,1,16,7,75,79,77,1,0,0,0,0,1,0,0,1,0,0,0,0,1
4355,1,1,0,3,9,85,76,91,1,0,0,1,0,0,0,0,0,1,0,0,0,1
3947,1,1,1,10,7,66,81,74,0,0,0,0,0,1,0,0,1,0,0,0,0,1
4519,0,1,1,12,7,76,75,78,1,0,0,1,0,0,0,0,1,0,0,0,0,1
3797,1,1,1,13,8,65,75,71,0,0,1,0,0,0,0,0,0,0,1,0,0,1
4247,1,0,0,11,7,70,71,46,1,1,0,0,0,0,1,0,0,0,0,0,0,1
4109,1,1,0,5,5,79,91,71,1,0,0,0,1,0,0,0,0,0,1,0,0,1
5649,1,1,1,4,7,85,83,85,1,0,1,0,0,0,0,1,0,0,0,0,0,1
2274,0,1,0,7,7,86,78,79,1,0,0,1,0,0,0,0,1,0,0,0,0,1
3393,0,1,0,11,6,73,74,35,1,1,0,0,0,0,0,1,0,0,0,0,1,0
5774,1,0,1,7,9,65,92,94,1,0,0,0,1,0,1,0,0,0,0,0,0,1
2307,1,1,0,15,6,54,64,68,0,0,0,0,0,1,1,0,0,0,0,1,0,0
4560,1,0,1,8,7,78,76,40,1,0,0,0,1,0,0,0,1,0,0,0,0,1
3625,1,1,0,10,6,72,73,88,1,0,0,1,0,0,1,0,0,0,0,0,0,1
5815,0,1,0,0,6,72,68,87,0,0,0,1,0,0,0,0,1,0,0,0,0,1
1741,0,0,1,9,5,98,71,81,0,0,1,0,0,0,0,1,0,0,0,0,0,1
5611,1,1,0,5,8,82,82,91,1,0,1,0,0,0,0,0,0,0,1,0,1,0
2119,0,1,1,1,6,63,72,80,1,1,0,0,0,0,0,0,1,0,0,0,0,1
6045,0,1,0,4,7,75,76,64,1,0,0,0,0,1,0,0,0,0,1,0,1,0
2685,1,1,1,16,7,100,94,94,1,1,0,0,0,0,1,0,0,0,0,0,0,1
5621,1,1,0,14,6,86,70,70,1,0,0,1,0,0,0,0,1,0,0,1,0,0
4368,0,1,0,13,7,55,61,69,0,0,0,1,0,0,1,0,0,0,0,0,0,1
1551,0,1,0,15,7,56,77,64,1,0,1,0,0,0,0,0,0,0,1,1,0,0
231,0,1,1,5,7,97,64,86,1,0,0,0,1,0,0,0,0,1,0,0,0,1
535,1,0,1,10,7,83,63,79,1,0,0,0,0,1,0,0,1,0,0,0,0,1
240,1,1,0,11,7,89,100,61,1,0,1,0,0,0,1,0,0,0,0,0,0,1
6098,0,1,0,7,7,44,94,94,1,0,1,0,0,0,1,0,0,0,0,0,0,1
5442,1,1,0,9,6,93,65,58,0,0,0,0,1,0,0,0,1,0,0,0,1,0
5941,0,1,0,12,4,66,86,71,1,0,1,0,0,0,0,0,1,0,0,0,0,1
3818,0,0,1,5,5,28,85,76,1,1,0,0,0,0,0,0,1,0,0,0,1,0
5921,1,1,0,10,7,54,80,68,1,0,0,0,0,1,1,0,0,0,0,0,0,1
3134,1,1,0,10,6,88,62,62,1,0,0,0,1,0,0,0,1,0,0,1,0,0
1889,1,0,1,14,6,58,93,63,1,0,0,0,0,1,0,0,1,0,0,0,0,1
1329,0,1,0,16,7,71,63,71,1,0,0,0,1,0,0,0,1,0,0,0,0,1
3384,1,0,0,9,7,69,93,80,1,0,0,1,0,0,0,0,1,0,0,0,0,1
1455,0,0,1,5,7,75,62,70,1,0,0,1,0,0,0,0,1,0,0,0,0,1
5717,1,0,0,10,7,90,58,61,1,0,0,1,0,0,0,1,0,0,0,0,0,1
5777,0,1,1,16,4,100,51,77,1,0,1,0,0,0,0,0,1,0,0,0,1,0
2139,0,1,1,9,9,82,76,78,1,0,0,1,0,0,0,0,1,0,0,0,0,1
4443,0,0,0,9,6,57,71,72,1,0,0,0,1,0,0,0,1,0,0,1,0,0
2577,0,0,1,10,7,57,58,77,1,0,0,0,1,0,0,0,1,0,0,0,0,1
2273,0,1,1,12,7,100,60,71,1,0,0,1,0,0,1,0,0,0,0,0,1,0
2619,0,1,1,13,6,75,95,47,1,1,0,0,0,0,0,1,0,0,0,0,0,1
6356,0,1,0,11,7,86,66,79,1,0,0,0,0,1,0,0,1,0,0,0,0,1
2624,0,1,1,1,6,96,79,80,1,1,0,0,0,0,0,0,1,0,0,0,1,0
469,1,0,1,13,7,46,63,89,1,1,0,0,0,0,0,0,1,0,0,0,0,1
80,1,1,0,5,7,83,72,71,0,0,1,0,0,0,0,0,1,0,0,0,1,0
6360,1,1,0,12,7,46,83,100,0,0,0,0,0,1,0,1,0,0,0,0,0,1
4954,1,1,1,10,9,88,79,64,1,0,0,0,1,0,0,0,1,0,0,0,0,1
3464,1,1,0,14,6,76,59,56,1,0,1,0,0,0,0,0,0,1,0,0,1,0
2064,0,1,0,11,9,71,95,74,1,0,0,0,0,1,0,0,0,0,1,0,0,1
4878,1,0,1,10,7,73,57,57,0,0,0,1,0,0,0,0,0,0,1,0,0,1
6370,1,1,1,9,6,86,61,62,1,0,0,0,1,0,0,0,1,0,0,0,0,1
3934,1,1,1,8,4,66,76,70,0,0,0,0,1,0,0,0,1,0,0,0,0,1
5508,0,0,0,4,6,75,91,78,1,0,0,1,0,0,0,1,0,0,0,0,0,1
6464,1,1,0,12,6,58,100,75,1,0,0,0,0,1,0,0,1,0,0,0,0,1
3173,1,0,0,5,6,78,49,62,1,0,0,1,0,0,0,0,1,0,0,0,0,1
1895,0,1,0,16,8,67,74,88,1,0,0,1,0,0,0,0,1,0,0,1,0,0
2207,0,0,1,3,6,52,92,74,1,1,0,0,0,0,0,0,1,0,0,1,0,0
995,1,0,0,8,7,74,79,78,1,0,1,0,0,0,0,1,0,0,0,0,0,1
1802,1,0,1,12,6,85,71,55,1,0,0,0,0,1,0,0,1,0,0,0,1,0
6849,0,1,1,8,7,51,84,73,1,0,0,0,0,1,0,0,1,0,0,0,1,0
1453,1,1,0,3,7,70,81,92,1,1,0,0,0,0,0,0,0,0,1,0,0,1
1587,0,0,1,7,6,69,60,58,1,0,0,0,1,0,1,0,0,0,0,0,0,1
4014,0,0,0,9,7,72,70,65,1,0,0,0,1,0,0,0,0,0,1,0,0,1
458,1,1,0,15,6,73,71,73,1,0,0,0,0,1,0,1,0,0,0,1,0,0
1452,1,1,1,12,7,67,70,72,1,0,0,1,0,0,0,0,0,1,0,0,0,1
5965,1,1,0,20,7,80,57,72,1,1,0,0,0,0,0,0,0,0,1,0,0,1
5369,1,1,0,10,7,71,62,71,1,1,0,0,0,0,0,0,1,0,0,0,0,1
438,0,1,0,0,6,76,52,64,1,0,1,0,0,0,0,0,0,0,1,0,0,1
5947,1,1,1,8,5,62,42,68,1,0,0,0,0,1,0,0,1,0,0,0,0,1
5013,0,0,1,11,8,57,64,93,0,1,0,0,0,0,0,1,0,0,0,0,0,1
1972,0,1,1,0,7,84,91,84,0,0,0,1,0,0,0,0,1,0,0,0,1,0
5027,0,1,1,9,7,79,93,82,1,0,0,1,0,0,0,0,0,1,0,0,0,1
2717,0,1,0,9,6,86,55,64,1,0,0,1,0,0,0,0,0,1,0,0,1,0
470,1,0,1,5,8,91,100,73,1,0,0,0,0,1,0,0,1,0,0,0,1,0
504,0,0,1,9,6,69,78,64,1,1,0,0,0,0,0,0,1,0,0,0,1,0
1048,1,1,0,16,7,72,86,75,1,0,0,1,0,0,0,0,1,0,0,0,0,1
3361,1,0,0,17,9,72,71,82,1,0,0,1,0,0,0,0,1,0,0,0,0,1
5940,0,1,1,14,6,51,60,73,1,0,0,0,1,0,0,1,0,0,0,0,0,1
3872,1,0,0,9,8,79,49,56,1,0,0,0,1,0,1,0,0,0,0,0,0,1
3930,1,1,0,4,7,73,76,71,1,0,0,1,0,0,0,0,0,1,0,0,0,1
6101,1,0,0,5,5,98,67,77,1,0,1,0,0,0,0,0,1,0,0,0,0,1
4765,1,1,0,7,6,44,81,55,0,0,0,0,0,1,0,1,0,0,0,0,1,0
5414,0,1,1,15,7,65,62,82,1,0,1,0,0,0,0,0,0,1,0,0,1,0
3616,1,1,0,9,6,59,76,71,1,0,0,1,0,0,0,0,1,0,0,0,0,1
6157,0,1,0,6,8,44,48,58,1,0,0,1,0,0,1,0,0,0,0,0,0,1
474,0,0,0,9,5,61,45,74,1,1,0,0,0,0,0,0,1,0,0,1,0,0
6084,0,1,0,13,8,78,63,72,1,1,0,0,0,0,1,0,0,0,0,0,0,1
2887,1,1,0,19,7,78,49,60,1,0,1,0,0,0,1,0,0,0,0,0,0,1
1555,0,1,1,18,5,89,88,76,1,0,0,0,0,1,0,1,0,0,0,0,1,0
4128,0,1,1,11,6,69,75,73,1,0,0,0,0,1,0,0,1,0,0,0,0,1
1941,0,0,0,2,9,83,35,83,1,0,0,1,0,0,0,0,0,0,1,0,0,1
6187,1,1,1,15,6,52,71,82,1,0,0,0,1,0,1,0,0,0,0,0,0,1
5948,0,0,1,5,7,78,71,73,1,0,1,0,0,0,0,1,0,0,0,0,0,1
5460,0,1,0,4,8,51,65,72,1,0,0,0,0,1,0,0,1,0,0,0,0,1
6682,0,1,1,6,8,56,100,75,0,0,1,0,0,0,0,0,1,0,0,0,0,1
6498,0,1,0,15,6,51,71,81,1,0,0,0,0,1,1,0,0,0,0,1,0,0
6151,0,0,1,11,7,61,81,73,0,0,0,0,0,1,0,0,0,0,1,0,0,1
2901,0,1,0,8,6,77,82,73,1,0,0,0,0,1,0,0,1,0,0,0,0,1
1202,0,1,0,7,5,46,82,93,1,0,0,1,0,0,0,0,1,0,0,0,0,1
5715,0,0,0,0,6,68,28,59,1,1,0,0,0,0,0,1,0,0,0,0,1,0
6270,0,1,0,8,7,55,76,74,0,0,0,0,1,0,0,1,0,0,0,0,0,1
536,0,1,0,12,5,100,69,69,1,0,0,0,0,1,0,0,0,1,0,0,0,1
5690,1,0,0,7,4,67,61,87,1,0,0,1,0,0,0,0,1,0,0,0,1,0
3734,1,0,0,11,7,84,81,71,1,0,0,0,1,0,0,1,0,0,0,0,1,0
5800,1,1,0,7,8,97,61,84,1,0,0,0,1,0,0,0,1,0,0,0,1,0
2875,0,1,1,3,6,37,86,83,1,0,0,0,0,1,0,0,1,0,0,0,0,1
5179,1,1,0,13,6,100,72,73,1,0,1,0,0,0,0,0,1,0,0,0,0,1
3143,0,0,1,3,9,78,68,66,1,0,0,0,0,1,0,0,0,1,0,0,0,1
3114,1,1,0,13,6,76,85,81,1,0,0,0,0,1,1,0,0,0,0,0,1,0
3807,0,0,1,7,8,77,75,69,1,0,0,1,0,0,0,0,1,0,0,0,0,1
5039,1,0,1,5,8,89,74,76,1,0,0,0,1,0,1,0,0,0,0,0,0,1
4054,0,0,0,2,5,72,64,95,1,1,0,0,0,0,0,0,0,0,1,0,0,1
3044,1,1,1,13,7,63,72,85,1,0,0,0,1,0,0,0,1,0,0,0,0,1
1336,1,1,1,11,8,77,77,84,0,0,1,0,0,0,0,0,0,0,1,1,0,0
6245,1,0,1,9,6,68,77,47,1,0,0,1,0,0,0,1,0,0,0,0,0,1
2765,1,0,1,8,5,87,52,68,1,0,0,0,1,0,0,1,0,0,0,0,0,1
5562,1,0,0,14,5,44,82,74,1,0,0,0,1,0,0,0,1,0,0,0,0,1
1965,0,0,1,10,7,73,67,56,1,0,0,1,0,0,0,0,1,0,0,0,0,1
1560,1,0,1,9,7,58,71,69,1,0,0,1,0,0,0,0,0,1,0,0,0,1
186,0,0,1,15,6,65,82,68,1,0,0,0,0,1,0,0,1,0,0,1,0,0
5532,1,1,0,14,6,79,77,71,1,0,0,1,0,0,0,0,1,0,0,0,0,1
5072,0,1,1,10,8,100,69,58,1,1,0,0,0,0,0,1,0,0,0,0,1,0
6714,1,1,1,9,7,100,78,81,1,0,0,0,0,1,0,1,0,0,0,0,0,1
5842,1,1,0,7,7,65,64,72,1,0,0,1,0,0,0,0,1,0,0,1,0,0
6420,0,1,1,11,8,73,67,77,1,0,1,0,0,0,0,0,0,0,1,0,0,1
3663,1,1,1,5,8,55,71,56,1,0,0,0,0,1,1,0,0,0,0,0,0,1
3576,0,1,1,7,7,87,73,45,0,0,0,1,0,0,0,0,1,0,0,0,1,0
2078,1,1,0,4,5,87,80,88,1,0,0,0,0,1,0,1,0,0,0,0,0,1
1502,1,0,0,8,8,48,96,95,0,0,1,0,0,0,1,0,0,0,0,0,0,1
234,0,1,1,7,7,71,84,68,1,0,0,0,1,0,0,0,0,1,0,0,0,1
5490,1,1,1,6,6,68,67,71,1,0,0,1,0,0,0,0,0,0,1,0,0,1
1499,0,1,0,4,9,76,74,72,1,0,0,1,0,0,0,1,0,0,0,1,0,0
4757,0,1,0,9,7,61,81,65,1,0,0,1,0,0,0,0,0,0,1,1,0,0
4410,0,1,1,12,6,75,91,82,1,0,0,1,0,0,1,0,0,0,0,0,1,0
3718,1,1,0,13,7,81,95,52,1,0,0,1,0,0,0,1,0,0,0,0,0,1
2499,1,0,1,3,6,68,89,81,1,1,0,0,0,0,0,0,0,0,1,0,0,1
735,0,1,1,18,7,70,92,71,1,0,0,0,1,0,0,0,1,0,0,0,0,1
1650,1,1,1,9,7,83,71,51,1,0,0,1,0,0,0,1,0,0,0,0,0,1
1957,0,1,1,6,5,50,100,58,1,0,1,0,0,0,0,0,1,0,0,0,0,1
6493,1,1,1,11,6,72,55,76,1,0,0,1,0,0,0,0,1,0,0,0,0,1
2277,1,1,1,2,4,53,60,74,1,0,1,0,0,0,0,0,1,0,0,0,0,1
4126,0,1,0,7,6,69,87,69,1,0,0,0,1,0,0,0,1,0,0,0,1,0
4465,1,1,0,10,8,95,73,76,1,0,1,0,0,0,0,0,1,0,0,0,0,1
6460,1,1,1,15,6,88,70,71,1,1,0,0,0,0,1,0,0,0,0,0,0,1
3045,1,0,0,7,8,40,99,79,1,1,0,0,0,0,0,0,1,0,0,0,0,1
1583,1,1,0,13,6,83,71,69,1,0,0,0,1,0,0,0,1,0,0,0,0,1
5273,0,1,0,15,6,77,75,63,1,0,0,1,0,0,0,0,1,0,0,0,0,1
2376,0,1,1,13,8,71,72,89,1,0,0,0,1,0,0,1,0,0,0,0,0,1
4036,0,1,1,15,6,42,71,99,1,0,0,0,1,0,0,0,0,0,1,0,0,1
1870,1,0,0,8,6,86,84,75,1,0,1,0,0,0,0,1,0,0,0,1,0,0
4990,1,1,0,7,6,71,53,76,1,0,0,1,0,0,0,0,1,0,0,0,0,1
5822,0,0,1,5,6,44,54,46,1,0,0,0,1,0,0,0,1,0,0,0,0,1
3091,1,1,0,10,6,78,71,66,1,0,0,1,0,0,0,1,0,0,0,0,0,1
4902,1,1,0,4,6,83,58,57,1,0,0,0,0,1,0,1,0,0,0,1,0,0
218,1,1,0,19,7,56,54,88,1,0,0,1,0,0,0,0,0,0,1,0,1,0
4999,1,1,0,10,7,78,74,67,1,0,0,0,1,0,0,0,1,0,0,0,0,1
4537,1,1,0,7,6,83,71,58,1,0,1,0,0,0,1,0,0,0,0,1,0,0
3423,0,0,0,20,6,78,85,71,1,0,0,1,0,0,0,0,1,0,0,0,0,1
3270,1,1,0,15,8,75,69,49,1,0,0,1,0,0,0,0,1,0,0,0,0,1
677,0,0,1,5,7,75,71,55,1,0,0,0,0,1,0,0,1,0,0,0,1,0
6725,0,1,0,9,7,78,72,88,1,0,0,1,0,0,0,1,0,0,0,0,0,1
5211,0,0,0,16,7,80,64,70,0,0,0,1,0,0,0,0,0,0,1,0,0,1
3414,1,1,1,18,6,51,71,81,1,0,1,0,0,0,0,0,0,0,1,0,0,1
4329,0,1,1,16,7,77,81,44,0,0,0,0,1,0,0,0,0,0,1,0,0,1
1421,1,1,1,8,6,64,61,62,1,0,0,0,0,1,0,0,1,0,0,0,0,1
4254,0,1,0,9,7,74,60,78,1,0,0,1,0,0,0,1,0,0,0,0,1,0
382,1,1,0,9,5,58,70,76,1,0,0,1,0,0,1,0,0,0,0,0,0,1
6049,1,0,1,8,5,82,68,71,1,0,1,0,0,0,0,1,0,0,0,0,0,1
6756,1,0,1,12,7,83,63,61,1,0,1,0,0,0,0,0,1,0,0,0,0,1
1159,0,1,0,9,7,62,71,53,1,0,0,0,1,0,1,0,0,0,0,0,0,1
3286,0,1,1,10,5,72,87,71,1,0,0,0,0,1,1,0,0,0,0,0,0,1
5462,0,0,0,9,4,77,62,76,1,0,0,0,0,1,0,0,1,0,0,0,0,1
4619,1,1,0,8,7,73,98,56,1,1,0,0,0,0,0,0,1,0,0,0,0,1
737,1,0,1,9,9,79,55,86,1,1,0,0,0,0,1,0,0,0,0,1,0,0
2324,0,1,0,9,7,59,73,72,1,0,0,0,1,0,0,0,0,0,1,0,0,1
170,0,1,0,10,4,65,55,71,1,0,0,0,0,1,0,0,1,0,0,0,1,0
2652,1,0,1,9,4,43,54,57,1,0,0,0,1,0,0,0,1,0,0,0,1,0
684,1,1,0,9,7,61,82,84,0,0,1,0,0,0,0,1,0,0,0,0,0,1
743,1,0,0,5,7,74,49,67,1,0,0,1,0,0,0,1,0,0,0,0,1,0
2133,1,1,1,10,7,72,60,79,1,0,0,1,0,0,0,0,1,0,0,0,1,0
1176,1,0,0,9,7,79,56,88,1,0,0,1,0,0,0,0,0,0,1,0,0,1
394,0,1,0,0,8,66,51,87,1,0,0,1,0,0,0,0,0,0,1,0,0,1
971,0,0,1,7,3,90,82,59,1,0,1,0,0,0,0,0,0,0,1,0,0,1
5608,1,1,0,12,6,71,59,74,1,0,0,0,0,1,0,0,1,0,0,0,0,1
5403,1,1,0,8,5,67,79,54,0,0,1,0,0,0,0,0,0,0,1,0,0,1
3995,1,1,1,12,4,81,76,80,1,0,1,0,0,0,1,0,0,0,0,0,0,1
4919,0,1,0,0,6,80,66,95,1,0,0,0,1,0,0,1,0,0,0,0,0,1
1380,0,1,1,6,9,46,89,82,0,0,0,0,0,1,0,0,1,0,0,0,1,0
5595,0,1,0,3,6,60,72,57,1,0,0,0,1,0,0,0,1,0,0,0,1,0
5156,1,0,0,13,7,82,71,71,1,0,0,0,0,1,0,1,0,0,0,0,1,0
4366,0,1,0,13,8,44,83,70,1,0,0,1,0,0,0,0,1,0,0,0,0,1
180,1,1,1,9,7,48,59,72,1,0,1,0,0,0,0,0,0,0,1,0,1,0
2580,1,1,0,4,6,47,58,71,1,0,0,0,1,0,0,0,1,0,0,0,0,1
6570,1,1,0,8,8,78,66,77,0,0,1,0,0,0,0,0,1,0,0,1,0,0
1684,1,0,0,10,6,84,69,71,1,0,0,0,0,1,0,1,0,0,0,0,0,1
1567,0,1,1,8,8,70,61,84,1,0,0,0,1,0,0,1,0,0,0,0,0,1
6983,1,1,0,14,6,81,88,100,0,0,1,0,0,0,0,0,0,0,1,0,0,1
5446,0,1,0,4,5,62,70,63,1,0,1,0,0,0,0,0,0,0,1,1,0,0
1109,1,1,1,16,6,61,71,80,1,0,0,1,0,0,0,1,0,0,0,0,0,1
3128,0,1,1,11,6,56,83,50,1,0,1,0,0,0,0,0,0,1,0,1,0,0
6528,1,1,1,8,7,60,66,79,1,0,0,1,0,0,0,0,0,0,1,0,0,1
4535,1,0,0,9,8,69,71,79,0,0,0,0,1,0,0,0,0,0,1,0,0,1
4817,0,0,0,16,7,92,87,55,1,0,0,0,1,0,0,0,1,0,0,0,0,1
1955,0,1,1,11,6,95,69,82,1,0,0,0,1,0,0,0,1,0,0,0,1,0
169,0,1,0,1,6,61,65,64,1,0,0,0,1,0,0,0,0,0,1,0,0,1
1415,1,1,1,13,8,56,78,55,1,0,1,0,0,0,0,1,0,0,0,1,0,0
6319,0,1,0,10,6,64,83,90,1,0,0,1,0,0,0,0,1,0,0,0,0,1
707,0,0,0,12,6,76,58,79,1,1,0,0,0,0,0,1,0,0,0,0,1,0
1672,0,0,1,0,6,64,89,66,1,0,0,0,1,0,0,0,0,1,0,0,1,0
4202,0,0,0,13,4,56,79,85,0,0,0,1,0,0,1,0,0,0,0,1,0,0
4527,0,0,0,7,6,74,59,66,1,0,1,0,0,0,0,0,0,1,0,0,1,0
5565,1,0,1,6,8,57,54,60,1,0,0,1,0,0,0,0,0,1,0,0,1,0
3196,1,1,1,17,6,88,71,65,1,0,1,0,0,0,1,0,0,0,0,0,1,0
1730,0,1,0,9,6,65,78,69,1,0,0,1,0,0,0,1,0,0,0,0,0,1
6644,0,1,0,0,7,77,58,79,1,0,0,0,0,1,0,0,1,0,0,0,0,1
436,0,1,1,8,6,79,71,69,1,0,0,0,0,1,0,0,1,0,0,0,0,1
3575,0,1,0,6,5,65,80,66,0,0,0,0,1,0,0,1,0,0,0,0,1,0
2760,1,0,0,9,4,80,65,40,1,0,0,0,0,1,1,0,0,0,0,0,0,1
512,0,1,0,6,7,77,61,81,1,0,0,0,1,0,1,0,0,0,0,0,1,0
1579,1,1,0,9,5,68,56,52,0,0,0,0,1,0,1,0,0,0,0,1,0,0
2482,0,1,0,6,7,60,68,69,1,0,1,0,0,0,0,1,0,0,0,0,0,1
5966,1,1,1,11,7,68,57,85,1,0,0,0,0,1,0,0,0,0,1,0,1,0
6219,1,0,0,9,7,100,60,67,1,0,0,1,0,0,0,0,0,0,1,1,0,0
812,0,1,1,11,7,73,75,50,1,0,1,0,0,0,1,0,0,0,0,0,0,1
1278,0,1,1,6,6,85,87,45,1,0,0,0,1,0,0,0,1,0,0,0,0,1
4831,1,1,0,6,7,80,63,60,1,0,1,0,0,0,0,1,0,0,0,0,0,1
4920,0,0,0,12,7,65,81,54,1,0,0,0,0,1,0,0,0,0,1,0,0,1
1859,1,1,0,18,6,61,75,29,1,0,1,0,0,0,0,0,0,0,1,0,0,1
1653,1,1,1,10,7,77,53,58,1,0,0,0,1,0,0,0,0,0,1,0,1,0
3338,0,1,1,10,6,74,82,67,1,0,0,0,0,1,0,1,0,0,0,1,0,0
3863,1,1,1,9,7,51,71,83,1,0,0,1,0,0,0,0,0,0,1,0,1,0
1091,1,1,0,5,6,75,80,47,1,0,1,0,0,0,0,0,0,0,1,0,0,1
2418,0,0,0,4,6,75,77,63,1,1,0,0,0,0,0,0,0,0,1,0,0,1
3647,0,0,0,5,8,78,92,27,1,0,0,1,0,0,1,0,0,0,0,0,0,1
3976,1,0,1,13,7,82,55,84,1,0,0,0,0,1,0,0,1,0,0,0,0,1
4255,1,0,0,8,8,74,39,67,1,0,1,0,0,0,0,0,0,1,0,0,1,0
1444,1,0,0,4,4,78,62,73,0,0,0,0,0,1,0,0,0,1,0,0,0,1
1633,1,0,1,9,8,57,65,77,0,0,0,1,0,0,1,0,0,0,0,0,0,1
1376,1,1,0,9,9,76,62,71,1,0,0,1,0,0,0,0,0,0,1,0,1,0
6056,1,1,0,12,7,73,91,55,1,0,0,1,0,0,0,0,1,0,0,1,0,0
6875,0,1,1,5,6,90,64,78,0,0,0,1,0,0,0,0,0,1,0,0,0,1
6329,0,0,1,13,8,65,62,70,1,0,0,0,0,1,1,0,0,0,0,0,1,0
81,0,0,0,16,5,65,75,73,1,0,0,0,0,1,0,0,1,0,0,0,0,1
3096,1,1,1,9,5,83,59,67,1,0,1,0,0,0,0,0,1,0,0,0,0,1
6486,0,1,0,3,7,81,92,69,1,1,0,0,0,0,0,1,0,0,0,0,1,0
4984,1,0,0,12,9,57,70,74,1,0,0,1,0,0,1,0,0,0,0,0,1,0
1818,1,0,1,5,6,100,70,100,1,1,0,0,0,0,0,0,0,0,1,0,0,1
96,0,1,0,11,8,87,61,69,0,0,0,0,0,1,0,1,0,0,0,0,0,1
4348,0,1,1,9,7,83,71,69,1,0,0,1,0,0,1,0,0,0,0,0,1,0
6390,0,1,1,12,7,61,66,73,0,0,1,0,0,0,0,1,0,0,0,0,0,1
1892,1,1,1,3,7,68,71,47,1,0,1,0,0,0,0,0,0,0,1,1,0,0
6244,1,1,0,9,9,69,100,60,1,0,0,0,1,0,0,0,0,1,0,0,0,1
4424,0,1,0,4,11,82,71,79,1,0,0,1,0,0,0,0,0,0,1,0,0,1
6869,0,1,0,0,10,71,55,83,1,0,1,0,0,0,0,0,0,1,0,0,0,1
4114,0,1,0,12,7,74,78,54,1,0,0,0,0,1,0,0,0,1,0,0,1,0
1079,0,1,0,10,5,60,75,51,1,0,1,0,0,0,0,1,0,0,0,0,0,1
5521,0,0,1,9,8,88,96,76,1,0,0,0,1,0,0,0,1,0,0,0,1,0
2909,0,1,1,14,8,70,53,77,1,0,0,1,0,0,0,0,0,1,0,0,0,1
5657,1,1,0,7,7,65,67,74,1,0,1,0,0,0,0,0,1,0,0,0,0,1
1375,1,0,1,18,6,56,100,53,1,0,1,0,0,0,0,0,1,0,0,0,0,1
4029,0,0,0,9,8,51,63,47,1,0,0,1,0,0,0,0,0,0,1,0,1,0
3883,0,0,1,20,5,75,70,57,1,1,0,0,0,0,0,0,1,0,0,0,0,1
3806,1,0,0,18,7,87,93,73,1,0,1,0,0,0,0,0,0,0,1,0,1,0
1006,1,1,1,10,6,76,59,55,1,0,0,0,0,1,0,0,1,0,0,0,0,1
497,0,1,1,9,8,68,71,61,1,0,0,0,0,1,0,0,1,0,0,0,0,1
409,1,1,1,11,8,99,79,71,0,0,1,0,0,0,0,0,0,0,1,0,0,1
1756,0,1,1,13,4,54,71,83,1,1,0,0,0,0,0,0,1,0,0,0,0,1
3902,1,0,1,9,7,83,75,71,0,0,0,1,0,0,1,0,0,0,0,0,0,1
3387,0,1,1,13,5,85,74,49,0,0,1,0,0,0,0,0,1,0,0,0,0,1
1220,1,1,0,9,7,73,59,63,0,0,0,1,0,0,0,0,1,0,0,1,0,0
2532,0,1,1,9,6,41,71,77,1,0,0,1,0,0,0,0,1,0,0,0,0,1
1745,1,0,0,6,8,71,73,67,1,0,1,0,0,0,0,0,1,0,0,0,0,1
4468,1,0,0,19,7,60,69,71,1,0,0,1,0,0,0,0,1,0,0,0,1,0
4952,1,1,1,14,7,79,67,76,1,0,1,0,0,0,0,0,1,0,0,0,0,1
3427,0,1,1,5,7,78,76,66,0,0,0,1,0,0,0,0,1,0,0,0,0,1
1298,1,0,0,9,7,34,67,68,1,1,0,0,0,0,0,0,1,0,0,0,0,1
2679,1,0,0,4,6,47,71,55,1,0,0,0,0,1,0,0,1,0,0,0,0,1
2433,1,0,0,5,8,70,58,83,1,0,0,0,1,0,0,0,1,0,0,1,0,0
2128,1,1,0,10,7,73,77,75,1,0,0,1,0,0,1,0,0,0,0,1,0,0
2358,0,0,0,18,7,56,69,86,0,0,0,0,1,0,0,0,0,0,1,0,0,1
4268,1,1,0,15,5,98,71,52,1,0,0,0,1,0,1,0,0,0,0,0,0,1
5062,0,1,1,1,9,86,71,100,1,0,1,0,0,0,0,1,0,0,0,0,0,1
6765,0,1,0,9,7,47,59,71,1,1,0,0,0,0,1,0,0,0,0,0,0,1
3419,0,0,0,4,7,65,72,71,1,0,0,0,0,1,0,0,1,0,0,0,1,0
5134,1,1,0,9,6,56,75,85,1,0,1,0,0,0,0,0,0,1,0,0,1,0
4435,1,1,0,10,7,62,59,69,1,0,0,0,0,1,0,0,1,0,0,0,0,1
3309,0,0,0,9,7,61,80,95,1,0,0,0,0,1,0,0,0,0,1,0,0,1
6466,0,0,1,7,6,62,58,75,1,0,0,0,0,1,0,1,0,0,0,0,0,1
1408,0,1,0,10,10,60,61,72,1,0,0,0,0,1,0,0,1,0,0,0,0,1
1010,0,1,1,10,7,69,60,71,1,1,0,0,0,0,1,0,0,0,0,0,0,1
6152,0,1,1,13,7,67,50,66,1,1,0,0,0,0,0,0,1,0,0,0,0,1
4130,1,1,0,1,9,70,80,91,1,0,0,1,0,0,0,0,0,1,0,0,1,0
6769,1,1,1,7,8,70,78,75,0,0,0,1,0,0,0,1,0,0,0,0,0,1
4992,0,1,0,5,5,64,72,77,1,0,0,0,1,0,0,0,1,0,0,0,1,0
1738,1,0,0,9,8,72,64,72,1,1,0,0,0,0,0,0,1,0,0,0,0,1
757,1,0,0,10,6,71,77,57,1,0,1,0,0,0,0,0,1,0,0,0,0,1
713,1,1,0,15,3,67,69,70,1,0,0,0,0,1,0,1,0,0,0,0,0,1
4225,1,1,0,9,8,63,72,50,1,0,0,1,0,0,0,0,0,0,1,0,0,1
3753,0,1,0,8,7,49,76,59,1,0,0,1,0,0,0,1,0,0,0,0,1,0
6741,0,0,1,17,6,65,40,71,0,0,0,1,0,0,0,0,1,0,0,0,0,1
62,1,0,0,2,6,74,72,82,1,0,0,0,1,0,0,0,1,0,0,0,0,1
3996,0,1,1,14,7,88,61,78,0,1,0,0,0,0,0,0,0,0,1,0,0,1
1371,0,1,1,10,7,86,81,71,1,0,1,0,0,0,0,1,0,0,0,0,1,0
6558,1,1,0,2,10,86,68,53,1,0,1,0,0,0,0,0,0,0,1,0,0,1
4857,1,1,1,11,4,76,82,77,1,1,0,0,0,0,0,0,0,0,1,0,0,1
2518,0,1,0,14,7,80,49,88,1,0,0,0,1,0,0,0,0,0,1,0,0,1
1331,1,0,1,8,9,61,90,65,1,0,0,0,1,0,0,0,0,0,1,1,0,0
3721,1,0,0,6,8,55,53,80,1,0,0,0,1,0,0,1,0,0,0,0,0,1
6923,1,1,0,10,6,63,92,85,1,0,1,0,0,0,0,0,1,0,0,0,0,1
5939,0,1,0,10,6,66,57,100,1,0,1,0,0,0,0,0,0,0,1,0,0,1
3998,0,1,0,9,8,88,53,70,1,0,1,0,0,0,1,0,0,0,0,0,0,1
843,0,1,0,4,9,82,73,89,1,0,0,1,0,0,0,1,0,0,0,0,0,1
3461,0,1,1,4,8,58,72,87,1,1,0,0,0,0,0,0,0,0,1,0,0,1
20,0,1,1,10,7,78,66,83,1,0,1,0,0,0,0,0,0,1,0,0,1,0
6217,1,1,0,3,5,70,100,79,1,0,0,0,0,1,0,1,0,0,0,0,0,1
3308,0,1,0,4,7,74,61,72,1,0,1,0,0,0,1,0,0,0,0,0,0,1
1222,1,1,1,13,5,30,83,65,1,0,0,1,0,0,0,0,1,0,0,0,0,1
1104,1,0,1,12,4,86,68,91,1,1,0,0,0,0,0,0,0,0,1,0,1,0
4997,0,1,1,3,6,64,52,75,1,1,0,0,0,0,0,0,0,1,0,0,0,1
4020,0,1,0,9,6,52,66,65,1,0,1,0,0,0,1,0,0,0,0,0,0,1
1303,0,1,0,11,7,99,75,26,1,0,1,0,0,0,0,0,0,0,1,0,0,1
3571,1,1,0,10,7,57,84,71,1,0,0,1,0,0,0,1,0,0,0,0,0,1
643,1,1,1,6,6,94,73,64,1,1,0,0,0,0,0,0,0,0,1,0,0,1
6826,0,0,1,0,7,24,59,82,1,0,0,0,0,1,0,0,1,0,0,0,0,1
6161,1,0,0,7,5,75,90,83,0,1,0,0,0,0,0,0,0,0,1,0,0,1
853,1,1,1,9,9,41,68,67,1,0,0,0,0,1,0,0,1,0,0,0,0,1
5065,1,1,0,7,6,76,78,73,1,0,0,0,0,1,0,0,0,1,0,0,0,1
1164,1,1,0,2,6,89,73,62,1,0,0,0,1,0,0,0,0,0,1,0,1,0
801,0,1,0,10,5,92,46,75,1,0,1,0,0,0,0,0,0,0,1,0,0,1
5438,0,1,0,5,5,77,74,56,1,1,0,0,0,0,0,0,1,0,0,0,0,1
3803,1,1,0,8,8,66,60,68,1,0,0,1,0,0,0,0,0,1,0,0,1,0
4354,1,1,0,13,7,98,66,61,1,0,0,0,0,1,0,1,0,0,0,0,0,1
4982,0,1,1,7,8,92,80,84,1,0,1,0,0,0,0,0,0,1,0,1,0,0
1374,0,1,1,9,7,54,93,58,1,0,1,0,0,0,0,0,1,0,0,0,0,1
938,1,0,0,12,7,86,71,60,1,0,0,1,0,0,0,1,0,0,0,0,0,1
2240,1,1,1,13,7,56,82,96,1,0,1,0,0,0,0,0,1,0,0,0,0,1
248,1,1,0,4,8,75,47,70,1,0,0,0,1,0,0,0,0,0,1,0,0,1
1098,1,1,0,9,7,61,50,85,1,0,0,1,0,0,1,0,0,0,0,0,1,0
5604,1,0,0,0,7,94,71,79,0,0,0,0,1,0,0,0,0,0,1,0,0,1
5627,0,1,0,9,7,70,70,55,1,1,0,0,0,0,0,1,0,0,0,0,0,1
5693,0,1,0,9,7,59,64,53,1,0,0,0,0,1,0,0,1,0,0,0,0,1
3347,0,1,0,9,8,97,67,41,1,1,0,0,0,0,0,0,1,0,0,0,1,0
5963,0,1,0,5,7,89,67,57,0,0,0,1,0,0,0,1,0,0,0,0,0,1
6077,1,1,0,1,5,52,51,72,1,0,0,0,0,1,1,0,0,0,0,0,1,0
6963,1,1,1,0,9,52,71,71,1,0,0,0,1,0,0,0,0,0,1,1,0,0
1790,0,1,1,9,7,64,64,90,1,0,1,0,0,0,0,1,0,0,0,0,0,1
1554,1,0,0,2,7,83,68,76,1,0,0,0,1,0,1,0,0,0,0,0,0,1
544,1,0,1,11,7,47,73,81,1,0,0,1,0,0,0,0,1,0,0,0,0,1
4111,0,0,1,15,5,51,67,74,1,0,0,0,1,0,0,1,0,0,0,0,0,1
4958,0,1,1,6,5,65,43,67,1,1,0,0,0,0,0,0,0,0,1,0,1,0
5341,0,1,1,2,7,65,68,80,1,1,0,0,0,0,1,0,0,0,0,0,0,1
473,1,0,0,9,7,53,68,44,1,0,0,1,0,0,1,0,0,0,0,0,0,1
229,0,0,1,9,5,66,68,76,1,0,1,0,0,0,0,0,1,0,0,0,0,1
3822,1,1,0,9,6,76,72,62,1,0,1,0,0,0,0,0,1,0,0,0,0,1
5334,0,1,0,14,7,91,42,71,0,0,0,0,0,1,0,0,1,0,0,1,0,0
3529,1,1,0,12,7,65,61,71,1,0,1,0,0,0,0,0,1,0,0,0,0,1
5071,1,1,0,9,6,74,93,79,1,0,1,0,0,0,0,0,0,0,1,0,1,0
3251,1,1,1,7,4,45,50,54,1,0,0,1,0,0,0,1,0,0,0,0,0,1
1806,1,0,0,9,7,65,84,76,0,0,0,0,0,1,0,0,1,0,0,0,0,1
6990,0,1,1,5,6,54,95,89,1,0,0,0,1,0,0,1,0,0,0,1,0,0
4335,1,1,0,4,6,54,78,75,1,1,0,0,0,0,0,0,1,0,0,0,0,1
3150,0,0,1,7,5,77,47,62,1,0,0,1,0,0,0,0,1,0,0,0,0,1
4657,0,1,1,14,7,72,62,57,1,1,0,0,0,0,0,1,0,0,0,0,0,1
2917,1,0,1,14,8,57,100,67,1,0,0,0,0,1,0,0,1,0,0,0,0,1
3627,1,1,0,9,8,80,67,51,1,0,0,1,0,0,0,0,0,0,1,0,0,1
2535,1,0,0,2,9,58,62,87,0,0,0,0,0,1,0,0,1,0,0,0,1,0
4321,1,0,1,13,7,76,66,74,1,0,0,0,0,1,1,0,0,0,0,0,1,0
3594,1,0,0,17,4,60,70,63,1,0,1,0,0,0,0,1,0,0,0,0,0,1
1671,1,1,1,16,8,61,95,88,1,0,0,1,0,0,0,0,1,0,0,0,0,1
4562,0,0,0,5,8,50,87,54,1,0,1,0,0,0,0,0,1,0,0,0,0,1
5447,1,1,0,9,6,100,96,71,1,0,0,0,1,0,0,0,0,0,1,0,0,1
5319,1,0,1,13,7,69,80,68,1,0,0,0,0,1,0,0,0,0,1,0,0,1
6327,1,0,0,17,7,51,76,87,1,0,0,1,0,0,0,0,0,0,1,0,0,1
32,1,1,0,9,6,96,85,78,1,0,0,0,0,1,0,0,1,0,0,1,0,0
765,0,1,1,9,5,53,71,64,1,0,0,0,0,1,1,0,0,0,0,0,0,1
961,0,0,0,9,6,54,71,66,1,0,0,1,0,0,0,1,0,0,0,0,0,1
1966,0,0,0,13,6,50,69,87,1,0,0,0,1,0,1,0,0,0,0,0,0,1
539,0,0,0,14,8,40,85,60,1,1,0,0,0,0,0,0,1,0,0,0,1,0
2891,0,0,1,13,8,62,71,72,0,0,1,0,0,0,0,0,0,1,0,0,0,1
1085,0,0,1,9,8,66,64,63,1,0,0,1,0,0,0,0,1,0,0,0,0,1
1600,1,0,0,0,7,77,97,75,1,0,0,1,0,0,0,1,0,0,0,0,0,1
3186,0,1,0,11,8,54,63,69,1,0,0,0,0,1,0,0,0,1,0,0,0,1
2576,0,1,1,13,7,88,74,70,1,0,0,0,0,1,0,0,1,0,0,0,0,1
6519,0,1,1,5,7,79,83,68,0,0,0,0,0,1,0,0,0,0,1,1,0,0
4033,0,0,1,10,6,62,72,57,1,0,0,1,0,0,0,0,0,0,1,1,0,0
2465,1,1,0,5,5,63,87,56,0,0,1,0,0,0,0,0,1,0,0,0,0,1
6598,0,1,1,14,7,77,70,61,1,0,0,1,0,0,1,0,0,0,0,0,0,1
18,0,0,0,15,9,75,62,73,1,0,0,0,1,0,0,0,0,0,1,0,0,1
97,1,1,1,7,5,80,54,80,1,0,0,0,0,1,0,1,0,0,0,1,0,0
6514,1,0,0,11,7,72,77,62,1,0,0,1,0,0,0,1,0,0,0,0,0,1
4349,0,0,0,9,6,75,68,94,0,0,0,0,1,0,0,0,0,0,1,0,1,0
1927,1,1,1,12,7,81,48,43,1,0,0,0,1,0,0,1,0,0,0,0,0,1
157,0,1,1,8,6,78,47,64,1,0,0,0,1,0,0,0,1,0,0,0,0,1
3102,1,0,0,18,5,69,69,68,1,1,0,0,0,0,0,0,1,0,0,0,0,1
2485,0,1,0,20,8,86,64,61,1,0,0,0,0,1,1,0,0,0,0,0,0,1
1923,0,1,0,15,8,94,67,64,0,0,0,0,0,1,1,0,0,0,0,0,1,0
5552,1,1,1,5,9,78,56,60,1,0,0,0,1,0,0,0,1,0,0,0,0,1
320,0,1,0,2,10,74,73,65,1,0,0,0,0,1,0,0,1,0,0,0,0,1
6349,0,0,0,15,7,83,88,46,1,0,1,0,0,0,0,0,1,0,0,0,1,0
6505,1,0,1,4,5,77,76,55,1,0,0,0,0,1,0,0,1,0,0,0,0,1
5279,0,0,1,5,5,55,71,62,1,1,0,0,0,0,1,0,0,0,0,0,1,0
1035,1,0,0,6,7,89,90,59,1,0,1,0,0,0,0,1,0,0,0,0,1,0
322,1,1,1,12,7,79,64,71,1,1,0,0,0,0,0,1,0,0,0,0,0,1
1316,0,1,0,12,8,44,71,72,1,1,0,0,0,0,0,0,0,0,1,0,0,1
426,1,0,1,22,4,56,74,69,1,0,1,0,0,0,0,1,0,0,0,0,0,1
1887,0,1,1,2,6,53,87,67,1,0,0,1,0,0,0,0,1,0,0,0,0,1
5261,0,1,1,8,7,68,55,59,1,0,0,0,1,0,1,0,0,0,0,0,0,1
4615,0,0,1,11,8,54,78,54,1,0,0,0,1,0,0,0,0,0,1,0,0,1
3451,1,1,0,9,6,79,58,63,0,0,0,0,0,1,0,1,0,0,0,0,0,1
4697,0,1,0,2,8,55,47,48,1,0,1,0,0,0,0,1,0,0,0,0,1,0
3169,1,1,0,6,7,67,90,71,1,0,0,1,0,0,1,0,0,0,0,0,1,0
1468,1,1,0,18,7,71,70,67,1,0,0,0,0,1,1,0,0,0,0,0,1,0
448,1,1,0,13,8,78,68,66,1,0,1,0,0,0,0,0,0,0,1,0,0,1
1871,0,0,1,0,8,38,49,61,1,0,0,1,0,0,0,0,0,1,0,1,0,0
6513,0,1,1,9,7,95,72,83,1,1,0,0,0,0,0,0,0,0,1,0,0,1
3264,0,0,0,11,9,56,71,71,1,0,0,0,1,0,0,0,1,0,0,0,0,1
3758,0,1,0,2,9,69,100,68,1,0,0,1,0,0,0,1,0,0,0,0,0,1
1394,1,0,0,13,7,55,85,79,1,1,0,0,0,0,0,0,0,0,1,0,0,1
3922,1,1,1,9,7,85,71,79,1,0,1,0,0,0,0,1,0,0,0,0,1,0
6258,0,1,0,9,7,32,84,81,1,0,1,0,0,0,0,0,1,0,0,0,1,0
1424,1,1,0,2,8,65,61,71,1,0,0,0,0,1,0,0,1,0,0,0,1,0
1534,0,1,1,14,6,60,58,71,1,0,0,0,1,0,0,0,0,0,1,0,0,1
6576,0,1,0,9,6,80,65,60,1,0,1,0,0,0,0,0,0,1,0,0,0,1
5968,1,1,1,9,6,57,91,71,0,0,0,0,1,0,0,0,0,0,1,0,0,1
6808,1,1,0,9,7,53,82,68,1,0,0,1,0,0,0,0,1,0,0,0,0,1
6899,0,1,0,13,8,91,76,53,1,1,0,0,0,0,0,1,0,0,0,0,0,1
4141,1,0,0,3,8,64,55,77,1,0,1,0,0,0,0,0,1,0,0,0,1,0
3324,1,1,1,21,6,81,69,76,1,0,0,1,0,0,0,0,0,0,1,0,0,1
2579,1,1,0,9,8,75,76,71,0,0,0,0,0,1,0,0,1,0,0,0,0,1
6109,1,0,0,12,6,71,70,82,1,1,0,0,0,0,0,0,0,0,1,0,0,1
5744,0,0,1,11,7,71,93,50,1,0,1,0,0,0,0,0,0,1,0,0,0,1
94,1,1,0,6,7,55,71,49,0,1,0,0,0,0,0,1,0,0,0,0,0,1
4783,1,0,0,10,6,77,71,62,1,1,0,0,0,0,0,0,0,0,1,0,0,1
577,0,1,1,16,6,76,68,62,1,0,1,0,0,0,1,0,0,0,0,0,0,1
5720,0,1,1,13,6,89,66,83,0,0,0,1,0,0,0,0,1,0,0,0,1,0
5346,0,1,0,10,7,60,71,81,1,0,1,0,0,0,0,1,0,0,0,0,0,1
5775,0,0,1,7,8,86,68,92,1,0,0,0,0,1,0,1,0,0,0,0,0,1
5662,0,1,0,10,8,76,83,80,1,1,0,0,0,0,1,0,0,0,0,1,0,0
3378,0,1,0,10,7,64,84,88,1,0,1,0,0,0,0,0,0,0,1,0,0,1
477,1,1,1,9,9,86,68,73,1,0,0,0,0,1,0,0,0,1,0,0,1,0
6713,0,0,0,11,7,55,41,83,1,0,0,0,0,1,1,0,0,0,0,0,0,1
2405,0,1,1,11,7,56,71,57,0,0,0,1,0,0,0,0,1,0,0,0,0,1
4216,1,1,0,13,9,46,65,58,1,0,1,0,0,0,0,0,1,0,0,1,0,0
3297,0,0,0,3,8,70,66,61,1,0,0,0,1,0,0,0,0,0,1,0,0,1
4862,1,1,1,5,7,75,75,42,1,0,0,0,1,0,0,0,1,0,0,0,1,0
5639,1,1,1,11,5,74,82,76,1,0,0,0,0,1,0,0,0,0,1,0,0,1
3152,1,1,0,7,7,79,75,71,1,0,1,0,0,0,0,0,1,0,0,0,0,1
4883,1,1,0,3,7,81,74,75,1,0,1,0,0,0,0,0,1,0,0,0,1,0
6080,0,1,1,8,8,56,80,83,1,0,0,0,0,1,0,0,1,0,0,0,0,1
2524,1,1,0,10,6,63,76,63,1,0,0,0,0,1,1,0,0,0,0,0,0,1
4669,0,1,0,8,7,99,78,45,1,0,1,0,0,0,0,0,0,0,1,1,0,0
6369,0,0,0,8,7,38,68,79,1,0,1,0,0,0,0,1,0,0,0,1,0,0
488,1,0,1,19,8,77,67,58,1,0,0,0,0,1,0,1,0,0,0,0,1,0
5828,0,1,0,9,6,72,69,62,0,0,0,0,0,1,1,0,0,0,0,0,1,0
593,0,1,1,7,6,80,89,67,1,1,0,0,0,0,1,0,0,0,0,0,0,1
2570,1,1,0,9,5,59,66,82,1,0,0,1,0,0,0,0,1,0,0,0,1,0
1057,0,1,1,9,8,60,80,77,1,0,1,0,0,0,0,1,0,0,0,0,0,1
1434,0,1,1,8,7,44,59,56,1,1,0,0,0,0,1,0,0,0,0,0,1,0
4395,1,1,1,10,6,64,85,68,1,0,0,1,0,0,0,0,0,0,1,0,0,1
335,0,1,1,7,9,61,95,71,1,0,0,1,0,0,0,0,1,0,0,1,0,0
1919,0,0,0,9,6,77,77,77,1,0,0,1,0,0,0,0,0,0,1,1,0,0
3054,0,0,0,9,7,100,62,81,1,0,0,0,1,0,0,0,1,0,0,0,0,1
6456,1,1,0,9,9,41,86,61,1,0,0,1,0,0,0,0,1,0,0,0,1,0
24,0,1,0,8,6,77,93,90,1,0,0,0,1,0,0,1,0,0,0,0,1,0
2190,1,1,0,11,8,57,80,74,1,0,0,1,0,0,0,0,1,0,0,0,0,1
1513,1,0,1,6,7,98,67,63,1,0,0,0,1,0,0,0,0,0,1,0,0,1
2043,1,0,0,9,6,82,83,84,1,0,1,0,0,0,0,0,0,0,1,0,1,0
6128,0,0,0,8,7,41,96,38,1,1,0,0,0,0,0,1,0,0,0,0,1,0
5694,1,1,0,9,5,71,100,59,1,1,0,0,0,0,0,0,1,0,0,0,0,1
3140,0,1,0,6,4,69,75,85,0,1,0,0,0,0,0,0,1,0,0,1,0,0
5683,0,1,0,11,6,67,69,90,1,0,1,0,0,0,0,0,1,0,0,1,0,0
1282,0,0,0,15,6,53,54,55,1,0,0,0,1,0,1,0,0,0,0,0,0,1
2649,0,1,1,2,6,47,80,65,1,0,1,0,0,0,1,0,0,0,0,0,1,0
4476,0,1,1,3,7,64,64,72,1,0,0,0,1,0,0,0,1,0,0,0,0,1
3908,1,0,0,14,7,82,67,85,1,0,1,0,0,0,0,0,1,0,0,0,1,0
1039,0,0,1,3,7,58,80,70,0,0,0,0,1,0,0,0,0,1,0,0,1,0
3170,1,1,0,2,7,52,76,71,1,1,0,0,0,0,0,0,1,0,0,0,0,1
6113,0,1,1,2,7,73,87,88,1,0,0,0,0,1,0,0,1,0,0,0,1,0
6660,0,0,1,13,7,52,94,50,1,0,1,0,0,0,0,0,0,1,0,0,0,1
6792,0,1,1,8,7,64,92,64,0,0,0,0,1,0,0,0,0,0,1,0,0,1
1245,0,0,1,11,7,58,50,50,1,0,0,0,1,0,0,0,1,0,0,0,0,1
2878,1,1,1,5,7,100,74,89,1,0,0,0,0,1,0,0,0,0,1,0,1,0
3246,0,0,0,3,8,52,85,53,1,0,0,0,0,1,0,0,0,0,1,0,0,1
3543,1,1,1,14,9,81,78,61,1,0,0,0,1,0,0,0,0,1,0,0,0,1
697,0,0,1,7,8,86,97,71,1,0,1,0,0,0,0,0,1,0,0,0,0,1
5817,1,1,1,7,9,79,71,94,0,0,0,0,1,0,0,0,1,0,0,0,0,1
3847,1,1,0,15,8,85,78,83,1,1,0,0,0,0,0,1,0,0,0,0,0,1
1836,0,1,1,8,7,85,71,77,1,0,0,1,0,0,0,0,0,1,0,0,0,1
5699,0,1,0,9,5,92,75,71,1,0,0,1,0,0,0,0,0,0,1,0,0,1
3298,0,1,0,17,4,54,66,66,1,0,1,0,0,0,0,0,1,0,0,0,0,1
4012,0,1,0,4,6,74,96,50,1,0,0,0,0,1,0,1,0,0,0,0,1,0
4483,0,1,0,8,5,84,96,70,0,0,0,0,0,1,0,1,0,0,0,0,0,1
3613,0,1,0,3,7,75,53,83,0,0,0,1,0,0,0,0,0,0,1,0,0,1
4563,0,0,0,15,7,77,72,65,1,1,0,0,0,0,0,1,0,0,0,0,0,1
3579,0,0,1,9,4,51,92,49,1,0,1,0,0,0,1,0,0,0,0,0,0,1
5821,0,0,0,13,8,72,69,90,1,1,0,0,0,0,1,0,0,0,0,0,0,1
379,1,1,0,9,5,57,80,61,0,0,0,0,1,0,0,1,0,0,0,0,1,0
6773,1,1,1,12,8,100,77,60,1,0,0,0,0,1,0,1,0,0,0,0,0,1
6337,1,1,1,3,8,79,40,91,1,0,0,1,0,0,0,0,1,0,0,0,0,1
200,0,1,0,0,7,66,63,58,1,0,0,1,0,0,0,0,1,0,0,0,0,1
2684,1,0,1,12,8,79,54,71,1,1,0,0,0,0,0,0,0,0,1,0,0,1
5066,1,0,0,6,8,79,62,73,1,1,0,0,0,0,0,1,0,0,0,0,0,1
3617,0,1,1,9,7,94,71,63,1,0,0,1,0,0,0,0,0,0,1,0,0,1
5362,0,0,0,9,7,51,71,100,1,0,0,1,0,0,0,0,0,0,1,0,0,1
2120,0,1,0,3,8,60,100,75,0,0,0,0,1,0,0,1,0,0,0,0,0,1
6897,1,1,0,2,7,67,90,90,1,1,0,0,0,0,0,0,0,0,1,0,0,1
3382,1,1,0,9,7,68,53,82,1,0,0,1,0,0,0,0,0,0,1,0,0,1
3708,1,0,1,9,6,46,87,83,1,0,1,0,0,0,0,0,1,0,0,0,1,0
1601,1,1,0,8,6,36,94,71,1,0,1,0,0,0,0,0,1,0,0,1,0,0
5028,1,0,0,18,8,55,47,82,1,0,0,1,0,0,0,0,1,0,0,0,1,0
2716,1,1,1,6,8,77,81,66,1,0,0,1,0,0,0,0,1,0,0,0,1,0
2803,1,1,1,8,5,65,64,62,1,0,0,1,0,0,0,0,1,0,0,0,0,1
4882,0,1,1,1,9,60,86,86,1,0,0,0,1,0,0,0,1,0,0,0,0,1
5659,1,1,0,9,7,79,85,81,1,0,1,0,0,0,0,0,0,0,1,0,0,1
5195,1,1,0,9,7,59,59,65,1,0,0,0,0,1,0,0,0,0,1,0,0,1
2664,1,0,1,7,5,49,77,66,1,0,1,0,0,0,1,0,0,0,0,0,0,1
6738,1,0,1,3,7,63,70,80,1,0,0,0,1,0,1,0,0,0,0,0,1,0
6760,1,0,0,5,7,73,73,80,1,0,0,1,0,0,0,0,0,0,1,0,0,1
1043,1,1,1,20,6,45,68,71,1,0,0,0,0,1,0,0,1,0,0,0,0,1
3009,0,0,0,13,8,49,84,56,1,0,0,0,0,1,1,0,0,0,0,1,0,0
6233,0,1,0,16,6,64,88,53,1,0,0,0,1,0,0,0,0,1,0,0,0,1
2848,0,1,1,11,6,61,71,59,1,0,0,0,1,0,1,0,0,0,0,0,0,1
3400,1,0,1,4,5,70,60,64,1,0,0,0,1,0,0,0,0,0,1,0,0,1
3568,1,0,0,9,8,63,66,73,1,0,0,0,1,0,0,0,0,0,1,0,1,0
4472,0,1,1,0,4,100,69,64,1,0,0,0,1,0,1,0,0,0,0,0,0,1
928,0,1,0,8,6,62,64,71,0,0,1,0,0,0,0,1,0,0,0,0,0,1
2743,0,1,0,14,8,76,84,37,1,0,0,1,0,0,0,0,1,0,0,0,0,1
3290,1,1,0,9,6,70,91,71,1,1,0,0,0,0,0,0,0,1,0,0,0,1
548,1,1,1,3,8,76,55,76,1,0,0,0,0,1,0,0,1,0,0,1,0,0
5704,1,1,0,11,8,58,76,68,1,0,0,1,0,0,0,0,0,0,1,0,0,1
4501,0,1,1,13,5,78,73,73,1,0,0,0,1,0,1,0,0,0,0,0,0,1
3482,1,1,0,17,7,73,80,48,1,0,0,0,0,1,0,1,0,0,0,0,0,1
3185,1,1,1,10,6,64,68,65,1,0,0,0,0,1,0,0,0,0,1,0,0,1
1766,0,0,1,3,5,99,83,66,0,0,1,0,0,0,0,0,0,1,0,0,0,1
1346,0,1,0,12,5,73,93,76,0,0,1,0,0,0,0,1,0,0,0,0,0,1
1321,0,1,1,10,8,95,91,71,1,0,0,0,0,1,0,0,1,0,0,0,1,0
5418,1,1,0,14,9,93,70,71,1,0,0,0,1,0,0,1,0,0,0,0,0,1
5873,0,1,0,11,7,88,81,75,0,0,0,1,0,0,0,0,0,0,1,1,0,0
4002,0,1,0,9,7,96,83,81,1,0,0,0,1,0,1,0,0,0,0,0,0,1
2168,0,1,0,7,8,96,73,79,0,0,0,0,1,0,1,0,0,0,0,0,0,1
5364,0,1,0,10,7,60,82,81,1,0,0,1,0,0,1,0,0,0,0,0,0,1
1658,1,0,1,9,8,85,80,73,1,0,1,0,0,0,0,0,1,0,0,0,0,1
2894,0,0,0,9,7,59,95,62,1,0,0,0,1,0,0,0,1,0,0,0,0,1
1609,1,1,0,2,6,75,77,76,1,0,0,0,1,0,0,0,1,0,0,0,0,1
3239,1,1,0,4,6,73,64,67,1,0,0,1,0,0,0,0,1,0,0,1,0,0
3439,0,0,0,15,7,62,55,60,1,0,0,1,0,0,0,0,1,0,0,0,0,1
519,1,0,0,10,8,68,71,81,1,0,0,1,0,0,0,1,0,0,0,0,0,1
612,0,1,0,17,6,100,53,58,1,0,0,0,1,0,0,0,0,0,1,1,0,0
2543,1,1,0,3,6,97,90,76,0,0,0,1,0,0,0,0,0,0,1,0,0,1
3236,0,1,0,10,6,56,71,74,0,0,0,0,0,1,0,0,0,0,1,0,0,1
3072,0,0,0,9,6,50,51,59,1,1,0,0,0,0,0,0,0,0,1,0,1,0
3435,1,1,0,9,9,42,70,65,1,0,0,0,1,0,0,0,0,1,0,0,0,1
492,0,1,0,6,4,100,65,82,1,0,0,0,1,0,0,0,0,1,0,0,0,1
6035,1,0,1,7,7,55,65,92,1,1,0,0,0,0,0,0,1,0,0,0,0,1
734,0,1,0,12,6,53,59,81,1,0,0,0,0,1,0,0,0,0,1,1,0,0
324,0,1,1,11,6,52,47,63,1,0,0,0,0,1,0,0,1,0,0,0,0,1
6568,1,1,0,9,5,60,73,84,1,0,0,0,1,0,0,0,1,0,0,0,0,1
5485,1,1,1,9,7,34,58,75,1,0,1,0,0,0,1,0,0,0,0,0,0,1
4569,1,1,0,0,8,60,75,51,1,0,0,0,0,1,0,0,0,1,0,1,0,0
1040,1,1,1,12,8,50,44,85,1,0,0,1,0,0,0,1,0,0,0,0,0,1
3856,1,1,1,4,6,58,51,82,0,0,0,1,0,0,0,0,0,0,1,0,0,1
5278,0,0,1,13,6,63,70,72,1,0,1,0,0,0,0,0,1,0,0,1,0,0
6992,1,0,0,14,7,60,83,67,1,0,1,0,0,0,1,0,0,0,0,0,0,1
325,0,1,0,4,6,86,71,88,1,0,1,0,0,0,0,0,1,0,0,0,0,1
2681,1,1,0,11,7,65,76,56,1,0,0,0,0,1,0,1,0,0,0,0,0,1
587,1,1,0,2,8,69,78,69,1,0,1,0,0,0,1,0,0,0,0,0,0,1
5126,1,0,1,15,8,100,56,72,1,1,0,0,0,0,0,0,0,1,0,1,0,0
1510,1,1,1,8,6,53,84,71,1,0,1,0,0,0,1,0,0,0,0,1,0,0
1993,1,0,0,6,7,88,80,67,1,0,0,0,0,1,0,0,0,0,1,0,1,0
4756,1,0,0,6,7,64,83,73,1,0,0,1,0,0,0,0,0,1,0,0,0,1
5900,0,1,0,9,5,80,60,83,0,0,0,0,0,1,0,0,1,0,0,0,0,1
1058,0,1,1,4,6,69,84,73,1,0,0,1,0,0,0,1,0,0,0,0,1,0
1670,0,1,1,14,6,67,71,62,1,0,1,0,0,0,0,0,0,0,1,0,1,0
3182,0,0,1,12,7,76,81,98,1,0,0,0,1,0,0,0,0,0,1,0,0,1
3110,0,1,0,8,7,77,88,80,1,0,0,0,0,1,0,0,1,0,0,0,0,1
6884,1,1,0,3,9,71,79,75,1,1,0,0,0,0,0,0,0,0,1,0,0,1
5849,1,1,0,14,7,74,71,66,1,0,0,0,0,1,0,0,1,0,0,0,0,1
3471,0,1,0,8,5,82,79,91,1,0,0,0,0,1,0,1,0,0,0,0,0,1
1841,1,1,0,9,5,92,70,66,1,0,0,1,0,0,0,0,1,0,0,0,1,0
89,1,1,0,2,6,37,71,81,1,0,0,1,0,0,0,0,0,0,1,0,1,0
6976,1,1,0,8,7,37,65,68,0,0,0,0,0,1,0,1,0,0,0,0,0,1
2183,0,1,1,14,9,36,60,50,1,0,0,1,0,0,0,0,0,0,1,0,0,1
1243,1,1,0,9,7,59,72,83,1,0,1,0,0,0,0,0,0,0,1,0,0,1
6537,0,1,1,4,9,57,67,51,1,0,0,0,0,1,1,0,0,0,0,0,1,0
2629,1,0,0,7,7,88,53,55,1,1,0,0,0,0,0,1,0,0,0,0,0,1
2950,0,1,1,13,6,49,59,80,1,0,0,0,1,0,0,1,0,0,0,0,0,1
829,1,1,0,4,7,70,70,79,1,1,0,0,0,0,0,0,1,0,0,0,0,1
6818,0,1,1,16,8,83,77,71,1,1,0,0,0,0,0,0,0,0,1,0,0,1
1373,1,0,0,4,7,56,66,91,1,0,1,0,0,0,0,1,0,0,0,0,0,1
199,0,1,0,12,8,89,68,83,1,0,1,0,0,0,0,0,0,1,0,0,1,0
1913,1,1,1,5,8,100,73,82,1,0,0,0,1,0,0,1,0,0,0,1,0,0
6160,0,0,0,18,8,60,69,71,1,0,0,0,1,0,0,0,0,0,1,0,0,1
1056,0,0,1,15,7,81,58,66,1,0,0,1,0,0,1,0,0,0,0,0,0,1
74,0,1,0,10,11,48,93,68,1,0,1,0,0,0,0,0,1,0,0,0,1,0
5742,0,1,0,14,5,72,53,60,1,1,0,0,0,0,0,0,1,0,0,0,0,1
3478,1,0,1,9,8,66,48,57,1,0,0,0,0,1,0,0,1,0,0,0,0,1
1196,1,0,0,2,9,61,47,44,1,0,1,0,0,0,0,0,0,0,1,0,0,1
6952,1,1,1,3,8,84,91,84,1,0,1,0,0,0,0,1,0,0,0,0,0,1
5061,0,1,0,8,6,51,69,70,1,0,1,0,0,0,0,0,1,0,0,0,0,1
6872,0,0,0,10,4,77,62,43,1,0,0,0,0,1,0,0,1,0,0,0,1,0
2834,1,1,1,9,7,77,59,66,1,0,0,0,1,0,1,0,0,0,0,0,0,1
3040,1,1,0,11,6,73,68,52,1,0,0,1,0,0,0,0,1,0,0,0,0,1
1047,0,1,1,9,8,73,63,55,1,0,0,0,1,0,0,0,0,0,1,0,1,0
